Bag_ID,Date,Site_ID,Ecoregion,Treatment,Plant_Number,GPS_Lat,GPS_Lon,Field_Temp_C,Field_Dist_From_Road_m,Field_Soil_Compaction_PSI,Field_Percent_Cover,Field_Damage_Score_0_to_4,Field_Open_Flowers,Field_Notes,Lab_Adult_Bugs,Lab_Larvae_Count,Lab_Egg_Count,Lab_Dry_Leaf_Biomass_g,Lab_Dry_Root_Biomass_g,Lab_Spine_Density_0_to_2,Lab_Leaf_CN_Ratio,Lab_Root_AMF_Colonization_Pct,Soil_pH_Site_Avg,Soil_Nitrogen_ppm_Site_Avg,Soil_Organic_Matter_Pct_Site_Avg,Soil_Nematode_Count_Site_Avg,Soil_AMF_Spore_Count_Site_Avg,Genetic_Sample_ID,Dry_Ice_Stored,FedEx_Tracking,Proximity_Metrics,Genetic_Expression_Notes
0520-S01-D-P01-COMP,2026-05-20,S01,Valley,Disturbed,1,26.2559,-98.20837,35.6,2.5,209,18,2,2,,16,37,116,16.7,24.6,0,14.0,6,7.1,12.8,1.8,816,43,KARIYAT-GEN-S01-1,TRUE,774179199995,Roadside,Upregulated defense pathways (mowing/herbivory stress)
0520-S01-D-P02-COMP,2026-05-20,S01,Valley,Disturbed,2,26.2559,-98.20837,35.6,2.5,209,4,4,0,Looks healthy,8,66,120,21.2,22.0,1,12.8,1,7.1,12.8,1.8,816,43,KARIYAT-GEN-S01-2,TRUE,774912804575,Roadside,Upregulated defense pathways (mowing/herbivory stress)
0520-S01-D-P03-COMP,2026-05-20,S01,Valley,Disturbed,3,26.2559,-98.20837,35.6,2.5,209,5,3,0,Looks healthy,9,31,185,19.0,36.5,1,14.1,11,7.1,12.8,1.8,816,43,KARIYAT-GEN-S01-3,TRUE,774921528902,Residential,Upregulated defense pathways (mowing/herbivory stress)
0520-S01-D-P04-COMP,2026-05-20,S01,Valley,Disturbed,4,26.2559,-98.20837,35.6,2.5,209,17,3,0,Mowed recently,18,79,227,24.9,25.7,0,14.5,4,7.1,12.8,1.8,816,43,KARIYAT-GEN-S01-4,TRUE,774664427274,Residential,Upregulated defense pathways (mowing/herbivory stress)
0520-S01-D-P05-COMP,2026-05-20,S01,Valley,Disturbed,5,26.2559,-98.20837,35.6,2.5,209,7,4,0,Looks healthy,10,75,133,10.9,20.3,1,12.3,15,7.1,12.8,1.8,816,43,KARIYAT-GEN-S01-5,TRUE,774235986733,Agricultural Field,Upregulated defense pathways (mowing/herbivory stress)
0520-S01-D-P06-COMP,2026-05-20,S01,Valley,Disturbed,6,26.2559,-98.20837,35.6,2.5,209,23,2,0,Looks healthy,6,20,175,21.7,22.2,0,10.5,15,7.1,12.8,1.8,816,43,KARIYAT-GEN-S01-6,TRUE,774759358505,Roadside,Upregulated defense pathways (mowing/herbivory stress)
0520-S01-D-P07-COMP,2026-05-20,S01,Valley,Disturbed,7,26.2559,-98.20837,35.6,2.5,209,9,4,0,,7,30,113,19.4,37.5,0,14.8,3,7.1,12.8,1.8,816,43,KARIYAT-GEN-S01-7,TRUE,774193804514,Agricultural Field,Upregulated defense pathways (mowing/herbivory stress)
0520-S01-D-P08-COMP,2026-05-20,S01,Valley,Disturbed,8,26.2559,-98.20837,35.6,2.5,209,16,3,0,Mowed recently,13,59,84,11.3,16.9,0,12.1,3,7.1,12.8,1.8,816,43,KARIYAT-GEN-S01-8,TRUE,774471665681,Roadside,Upregulated defense pathways (mowing/herbivory stress)
0520-S01-D-P09-COMP,2026-05-20,S01,Valley,Disturbed,9,26.2559,-98.20837,35.6,2.5,209,6,2,2,,12,48,149,20.9,35.5,1,13.5,12,7.1,12.8,1.8,816,43,KARIYAT-GEN-S01-9,TRUE,774895628041,Residential,Upregulated defense pathways (mowing/herbivory stress)
0520-S01-D-P10-COMP,2026-05-20,S01,Valley,Disturbed,10,26.2559,-98.20837,35.6,2.5,209,18,2,0,Looks healthy,7,73,201,19.1,19.1,1,11.0,3,7.1,12.8,1.8,816,43,KARIYAT-GEN-S01-10,TRUE,774746566097,Agricultural Field,Upregulated defense pathways (mowing/herbivory stress)
0520-S02-U-P01-COMP,2026-05-20,S02,Valley,Undisturbed,1,26.22848,-98.1537,35.2,14.4,108,98,0,7,Huge root,4,13,41,30.9,50.2,1,26.2,46,6.9,39.7,3.0,474,277,KARIYAT-GEN-S02-1,TRUE,774893854442,Isolated,"Baseline expression, low stress markers"
0520-S02-U-P02-COMP,2026-05-20,S02,Valley,Undisturbed,2,26.22848,-98.1537,35.2,14.4,108,98,2,14,Flowering heavily,3,18,3,40.9,64.9,1,24.4,46,6.9,39.7,3.0,474,277,KARIYAT-GEN-S02-2,TRUE,774442295156,Isolated,"Baseline expression, low stress markers"
0520-S02-U-P03-COMP,2026-05-20,S02,Valley,Undisturbed,3,26.22848,-98.1537,35.2,14.4,108,64,2,8,Very thorny,5,11,0,31.8,68.0,1,27.2,57,6.9,39.7,3.0,474,277,KARIYAT-GEN-S02-3,TRUE,774853375868,Water Source,"Baseline expression, low stress markers"
0520-S02-U-P04-COMP,2026-05-20,S02,Valley,Undisturbed,4,26.22848,-98.1537,35.2,14.4,108,94,1,15,Very thorny,1,18,25,47.0,68.8,1,22.9,41,6.9,39.7,3.0,474,277,KARIYAT-GEN-S02-4,TRUE,774812062110,Isolated,"Baseline expression, low stress markers"
0520-S02-U-P05-COMP,2026-05-20,S02,Valley,Undisturbed,5,26.22848,-98.1537,35.2,14.4,108,76,2,8,,5,11,19,28.1,82.1,1,27.1,69,6.9,39.7,3.0,474,277,KARIYAT-GEN-S02-5,TRUE,774440552608,Isolated,"Baseline expression, low stress markers"
0520-S02-U-P06-COMP,2026-05-20,S02,Valley,Undisturbed,6,26.22848,-98.1537,35.2,14.4,108,78,2,6,Very thorny,3,19,3,34.2,74.6,1,23.2,62,6.9,39.7,3.0,474,277,KARIYAT-GEN-S02-6,TRUE,774410537950,Isolated,"Baseline expression, low stress markers"
0520-S02-U-P07-COMP,2026-05-20,S02,Valley,Undisturbed,7,26.22848,-98.1537,35.2,14.4,108,95,2,11,Huge root,4,8,19,35.0,61.4,2,26.6,57,6.9,39.7,3.0,474,277,KARIYAT-GEN-S02-7,TRUE,774190732129,Water Source,"Baseline expression, low stress markers"
0520-S02-U-P08-COMP,2026-05-20,S02,Valley,Undisturbed,8,26.22848,-98.1537,35.2,14.4,108,98,1,11,Huge root,5,10,42,30.7,59.8,1,22.8,52,6.9,39.7,3.0,474,277,KARIYAT-GEN-S02-8,TRUE,774770656905,Isolated,"Baseline expression, low stress markers"
0520-S02-U-P09-COMP,2026-05-20,S02,Valley,Undisturbed,9,26.22848,-98.1537,35.2,14.4,108,63,2,12,Huge root,2,8,36,38.6,87.9,1,21.7,55,6.9,39.7,3.0,474,277,KARIYAT-GEN-S02-9,TRUE,774932691124,Water Source,"Baseline expression, low stress markers"
0520-S02-U-P10-COMP,2026-05-20,S02,Valley,Undisturbed,10,26.22848,-98.1537,35.2,14.4,108,85,1,15,,2,2,27,33.5,73.9,1,23.8,69,6.9,39.7,3.0,474,277,KARIYAT-GEN-S02-10,TRUE,774423475935,Water Source,"Baseline expression, low stress markers"
0520-S03-D-P01-COMP,2026-05-20,S03,Valley,Disturbed,1,25.99824,-98.22058,30.3,4.5,247,5,4,1,,5,45,62,19.2,17.0,1,14.7,7,7.9,25.4,0.6,870,12,KARIYAT-GEN-S03-1,TRUE,774527667693,Roadside,Upregulated defense pathways (mowing/herbivory stress)
0520-S03-D-P02-COMP,2026-05-20,S03,Valley,Disturbed,2,25.99824,-98.22058,30.3,4.5,247,15,3,1,Mowed recently,5,41,204,18.8,15.7,0,12.6,5,7.9,25.4,0.6,870,12,KARIYAT-GEN-S03-2,TRUE,774842624414,Residential,Upregulated defense pathways (mowing/herbivory stress)
0520-S03-D-P03-COMP,2026-05-20,S03,Valley,Disturbed,3,25.99824,-98.22058,30.3,4.5,247,27,4,2,Mowed recently,15,95,87,15.2,22.5,1,13.1,4,7.9,25.4,0.6,870,12,KARIYAT-GEN-S03-3,TRUE,774179789411,Agricultural Field,Upregulated defense pathways (mowing/herbivory stress)
0520-S03-D-P04-COMP,2026-05-20,S03,Valley,Disturbed,4,25.99824,-98.22058,30.3,4.5,247,14,2,2,Drought stressed,5,76,206,23.7,26.1,1,10.8,2,7.9,25.4,0.6,870,12,KARIYAT-GEN-S03-4,TRUE,774306308727,Residential,Upregulated defense pathways (mowing/herbivory stress)
0520-S03-D-P05-COMP,2026-05-20,S03,Valley,Disturbed,5,25.99824,-98.22058,30.3,4.5,247,25,2,2,Mowed recently,9,76,122,11.1,20.8,1,11.6,8,7.9,25.4,0.6,870,12,KARIYAT-GEN-S03-5,TRUE,774792016938,Roadside,Upregulated defense pathways (mowing/herbivory stress)
0520-S03-D-P06-COMP,2026-05-20,S03,Valley,Disturbed,6,25.99824,-98.22058,30.3,4.5,247,11,3,0,Drought stressed,9,65,228,16.5,36.8,1,12.5,13,7.9,25.4,0.6,870,12,KARIYAT-GEN-S03-6,TRUE,774106451864,Residential,Upregulated defense pathways (mowing/herbivory stress)
0520-S03-D-P07-COMP,2026-05-20,S03,Valley,Disturbed,7,25.99824,-98.22058,30.3,4.5,247,7,2,0,,16,26,94,14.5,34.4,0,11.6,7,7.9,25.4,0.6,870,12,KARIYAT-GEN-S03-7,TRUE,774136149018,Roadside,Upregulated defense pathways (mowing/herbivory stress)
0520-S03-D-P08-COMP,2026-05-20,S03,Valley,Disturbed,8,25.99824,-98.22058,30.3,4.5,247,20,3,1,Looks healthy,16,64,141,14.6,16.0,1,13.5,15,7.9,25.4,0.6,870,12,KARIYAT-GEN-S03-8,TRUE,774600020153,Residential,Upregulated defense pathways (mowing/herbivory stress)
0520-S03-D-P09-COMP,2026-05-20,S03,Valley,Disturbed,9,25.99824,-98.22058,30.3,4.5,247,29,4,2,Ants present,10,96,228,24.5,25.7,1,14.0,12,7.9,25.4,0.6,870,12,KARIYAT-GEN-S03-9,TRUE,774470066370,Roadside,Upregulated defense pathways (mowing/herbivory stress)
0520-S03-D-P10-COMP,2026-05-20,S03,Valley,Disturbed,10,25.99824,-98.22058,30.3,4.5,247,23,2,2,Drought stressed,11,51,166,16.3,20.2,1,12.6,0,7.9,25.4,0.6,870,12,KARIYAT-GEN-S03-10,TRUE,774540579020,Residential,Upregulated defense pathways (mowing/herbivory stress)
0520-S04-D-P01-COMP,2026-05-20,S04,Valley,Disturbed,1,26.01082,-97.92034,35.9,4.7,243,3,4,0,,16,91,57,11.6,26.1,0,11.5,2,7.5,30.0,0.6,562,23,KARIYAT-GEN-S04-1,TRUE,774614905162,Agricultural Field,Upregulated defense pathways (mowing/herbivory stress)
0520-S04-D-P02-COMP,2026-05-20,S04,Valley,Disturbed,2,26.01082,-97.92034,35.9,4.7,243,18,3,1,Mowed recently,14,55,149,23.0,32.7,0,10.4,7,7.5,30.0,0.6,562,23,KARIYAT-GEN-S04-2,TRUE,774250249204,Residential,Upregulated defense pathways (mowing/herbivory stress)
0520-S04-D-P03-COMP,2026-05-20,S04,Valley,Disturbed,3,26.01082,-97.92034,35.9,4.7,243,3,4,2,Ants present,17,30,92,17.4,16.4,0,12.6,5,7.5,30.0,0.6,562,23,KARIYAT-GEN-S04-3,TRUE,774298994434,Agricultural Field,Upregulated defense pathways (mowing/herbivory stress)
0520-S04-D-P04-COMP,2026-05-20,S04,Valley,Disturbed,4,26.01082,-97.92034,35.9,4.7,243,8,4,2,Mowed recently,6,80,191,16.6,16.8,1,13.8,13,7.5,30.0,0.6,562,23,KARIYAT-GEN-S04-4,TRUE,774873726954,Residential,Upregulated defense pathways (mowing/herbivory stress)
0520-S04-D-P05-COMP,2026-05-20,S04,Valley,Disturbed,5,26.01082,-97.92034,35.9,4.7,243,21,4,1,Looks healthy,5,79,229,21.4,15.6,1,14.4,2,7.5,30.0,0.6,562,23,KARIYAT-GEN-S04-5,TRUE,774466124772,Roadside,Upregulated defense pathways (mowing/herbivory stress)
0520-S04-D-P06-COMP,2026-05-20,S04,Valley,Disturbed,6,26.01082,-97.92034,35.9,4.7,243,13,3,2,Drought stressed,8,100,176,19.7,38.8,1,11.0,4,7.5,30.0,0.6,562,23,KARIYAT-GEN-S04-6,TRUE,774550073631,Roadside,Upregulated defense pathways (mowing/herbivory stress)
0520-S04-D-P07-COMP,2026-05-20,S04,Valley,Disturbed,7,26.01082,-97.92034,35.9,4.7,243,15,3,0,,18,81,171,21.6,36.9,1,11.8,2,7.5,30.0,0.6,562,23,KARIYAT-GEN-S04-7,TRUE,774793958149,Agricultural Field,Upregulated defense pathways (mowing/herbivory stress)
0520-S04-D-P08-COMP,2026-05-20,S04,Valley,Disturbed,8,26.01082,-97.92034,35.9,4.7,243,18,3,1,,15,68,143,16.1,26.0,1,10.6,8,7.5,30.0,0.6,562,23,KARIYAT-GEN-S04-8,TRUE,774170928054,Roadside,Upregulated defense pathways (mowing/herbivory stress)
0520-S04-D-P09-COMP,2026-05-20,S04,Valley,Disturbed,9,26.01082,-97.92034,35.9,4.7,243,25,3,1,Looks healthy,10,79,50,11.3,22.2,1,11.1,4,7.5,30.0,0.6,562,23,KARIYAT-GEN-S04-9,TRUE,774448328145,Residential,Upregulated defense pathways (mowing/herbivory stress)
0520-S04-D-P10-COMP,2026-05-20,S04,Valley,Disturbed,10,26.01082,-97.92034,35.9,4.7,243,26,4,2,Mowed recently,12,51,138,11.6,19.0,1,14.1,10,7.5,30.0,0.6,562,23,KARIYAT-GEN-S04-10,TRUE,774562621936,Roadside,Upregulated defense pathways (mowing/herbivory stress)
0521-S05-U-P01-COMP,2026-05-21,S05,West_Texas,Undisturbed,1,29.19275,-100.9498,36.0,46.3,98,85,1,5,Flowering heavily,2,15,41,48.1,87.8,2,27.2,63,7.4,19.5,4.4,239,277,KARIYAT-GEN-S05-1,TRUE,774191393768,Isolated,"Baseline expression, low stress markers"
0521-S05-U-P02-COMP,2026-05-21,S05,West_Texas,Undisturbed,2,29.19275,-100.9498,36.0,46.3,98,91,0,9,Huge root,4,3,47,29.0,60.8,1,22.4,47,7.4,19.5,4.4,239,277,KARIYAT-GEN-S05-2,TRUE,774950751701,Isolated,"Baseline expression, low stress markers"
0521-S05-U-P03-COMP,2026-05-21,S05,West_Texas,Undisturbed,3,29.19275,-100.9498,36.0,46.3,98,97,1,13,Flowering heavily,5,16,22,31.3,59.0,1,22.5,61,7.4,19.5,4.4,239,277,KARIYAT-GEN-S05-3,TRUE,774975549422,Water Source,"Baseline expression, low stress markers"
0521-S05-U-P04-COMP,2026-05-21,S05,West_Texas,Undisturbed,4,29.19275,-100.9498,36.0,46.3,98,71,0,12,Flowering heavily,0,9,19,38.4,54.2,1,26.1,40,7.4,19.5,4.4,239,277,KARIYAT-GEN-S05-4,TRUE,774542363988,Water Source,"Baseline expression, low stress markers"
0521-S05-U-P05-COMP,2026-05-21,S05,West_Texas,Undisturbed,5,29.19275,-100.9498,36.0,46.3,98,82,1,13,Very thorny,4,15,14,42.4,57.4,2,26.4,61,7.4,19.5,4.4,239,277,KARIYAT-GEN-S05-5,TRUE,774310368727,Isolated,"Baseline expression, low stress markers"
0521-S05-U-P06-COMP,2026-05-21,S05,West_Texas,Undisturbed,6,29.19275,-100.9498,36.0,46.3,98,64,1,7,Flowering heavily,1,8,45,44.5,53.3,2,21.1,64,7.4,19.5,4.4,239,277,KARIYAT-GEN-S05-6,TRUE,774117623728,Water Source,"Baseline expression, low stress markers"
0521-S05-U-P07-COMP,2026-05-21,S05,West_Texas,Undisturbed,7,29.19275,-100.9498,36.0,46.3,98,68,1,15,Huge root,4,3,30,47.7,89.8,2,23.1,69,7.4,19.5,4.4,239,277,KARIYAT-GEN-S05-7,TRUE,774711125745,Isolated,"Baseline expression, low stress markers"
0521-S05-U-P08-COMP,2026-05-21,S05,West_Texas,Undisturbed,8,29.19275,-100.9498,36.0,46.3,98,60,0,6,Huge root,0,6,24,34.9,61.6,2,21.8,71,7.4,19.5,4.4,239,277,KARIYAT-GEN-S05-8,TRUE,774461936386,Water Source,"Baseline expression, low stress markers"
0521-S05-U-P09-COMP,2026-05-21,S05,West_Texas,Undisturbed,9,29.19275,-100.9498,36.0,46.3,98,60,1,14,Very thorny,5,19,49,45.2,73.3,2,25.0,74,7.4,19.5,4.4,239,277,KARIYAT-GEN-S05-9,TRUE,774438340764,Water Source,"Baseline expression, low stress markers"
0521-S05-U-P10-COMP,2026-05-21,S05,West_Texas,Undisturbed,10,29.19275,-100.9498,36.0,46.3,98,71,2,13,Huge root,2,4,28,29.6,57.0,2,29.2,80,7.4,19.5,4.4,239,277,KARIYAT-GEN-S05-10,TRUE,774833453794,Water Source,"Baseline expression, low stress markers"
0521-S06-D-P01-COMP,2026-05-21,S06,West_Texas,Disturbed,1,28.83856,-100.80179,29.2,4.9,291,17,3,1,Ants present,14,66,139,17.2,19.5,0,12.8,11,7.8,21.9,0.2,219,13,KARIYAT-GEN-S06-1,TRUE,774190694868,Roadside,Upregulated defense pathways (mowing/herbivory stress)
0521-S06-D-P02-COMP,2026-05-21,S06,West_Texas,Disturbed,2,28.83856,-100.80179,29.2,4.9,291,20,3,1,Drought stressed,9,89,208,24.7,39.6,0,11.0,15,7.8,21.9,0.2,219,13,KARIYAT-GEN-S06-2,TRUE,774685229471,Agricultural Field,Upregulated defense pathways (mowing/herbivory stress)
0521-S06-D-P03-COMP,2026-05-21,S06,West_Texas,Disturbed,3,28.83856,-100.80179,29.2,4.9,291,12,3,0,Looks healthy,14,57,75,10.5,15.1,1,10.9,1,7.8,21.9,0.2,219,13,KARIYAT-GEN-S06-3,TRUE,774570890511,Residential,Upregulated defense pathways (mowing/herbivory stress)
0521-S06-D-P04-COMP,2026-05-21,S06,West_Texas,Disturbed,4,28.83856,-100.80179,29.2,4.9,291,15,3,1,Mowed recently,17,94,231,22.8,19.5,1,13.2,10,7.8,21.9,0.2,219,13,KARIYAT-GEN-S06-4,TRUE,774941359905,Roadside,Upregulated defense pathways (mowing/herbivory stress)
0521-S06-D-P05-COMP,2026-05-21,S06,West_Texas,Disturbed,5,28.83856,-100.80179,29.2,4.9,291,8,4,1,Ants present,6,38,226,10.2,18.6,1,13.2,6,7.8,21.9,0.2,219,13,KARIYAT-GEN-S06-5,TRUE,774626466560,Agricultural Field,Upregulated defense pathways (mowing/herbivory stress)
0521-S06-D-P06-COMP,2026-05-21,S06,West_Texas,Disturbed,6,28.83856,-100.80179,29.2,4.9,291,18,2,2,,12,73,114,22.0,28.4,0,12.5,7,7.8,21.9,0.2,219,13,KARIYAT-GEN-S06-6,TRUE,774215086087,Roadside,Upregulated defense pathways (mowing/herbivory stress)
0521-S06-D-P07-COMP,2026-05-21,S06,West_Texas,Disturbed,7,28.83856,-100.80179,29.2,4.9,291,6,2,0,Looks healthy,7,37,77,18.7,38.2,1,12.5,1,7.8,21.9,0.2,219,13,KARIYAT-GEN-S06-7,TRUE,774357877406,Residential,Upregulated defense pathways (mowing/herbivory stress)
0521-S06-D-P08-COMP,2026-05-21,S06,West_Texas,Disturbed,8,28.83856,-100.80179,29.2,4.9,291,29,4,1,,12,61,135,15.9,36.3,0,14.0,13,7.8,21.9,0.2,219,13,KARIYAT-GEN-S06-8,TRUE,774264741257,Roadside,Upregulated defense pathways (mowing/herbivory stress)
0521-S06-D-P09-COMP,2026-05-21,S06,West_Texas,Disturbed,9,28.83856,-100.80179,29.2,4.9,291,0,2,2,Drought stressed,7,86,140,20.1,27.7,0,12.2,9,7.8,21.9,0.2,219,13,KARIYAT-GEN-S06-9,TRUE,774370123120,Roadside,Upregulated defense pathways (mowing/herbivory stress)
0521-S06-D-P10-COMP,2026-05-21,S06,West_Texas,Disturbed,10,28.83856,-100.80179,29.2,4.9,291,8,4,0,Drought stressed,6,69,129,10.6,23.6,0,11.1,5,7.8,21.9,0.2,219,13,KARIYAT-GEN-S06-10,TRUE,774132708051,Residential,Upregulated defense pathways (mowing/herbivory stress)
0521-S07-D-P01-COMP,2026-05-21,S07,West_Texas,Disturbed,1,28.8782,-100.89736,37.5,2.8,220,16,4,1,Drought stressed,7,64,139,16.6,37.0,1,10.2,10,6.5,25.5,0.8,186,45,KARIYAT-GEN-S07-1,TRUE,774108790087,Residential,Upregulated defense pathways (mowing/herbivory stress)
0521-S07-D-P02-COMP,2026-05-21,S07,West_Texas,Disturbed,2,28.8782,-100.89736,37.5,2.8,220,20,2,1,,9,97,107,18.7,23.8,0,14.5,8,6.5,25.5,0.8,186,45,KARIYAT-GEN-S07-2,TRUE,774394453079,Residential,Upregulated defense pathways (mowing/herbivory stress)
0521-S07-D-P03-COMP,2026-05-21,S07,West_Texas,Disturbed,3,28.8782,-100.89736,37.5,2.8,220,29,2,0,,8,62,219,13.5,22.4,0,13.6,10,6.5,25.5,0.8,186,45,KARIYAT-GEN-S07-3,TRUE,774975139455,Agricultural Field,Upregulated defense pathways (mowing/herbivory stress)
0521-S07-D-P04-COMP,2026-05-21,S07,West_Texas,Disturbed,4,28.8782,-100.89736,37.5,2.8,220,7,4,0,Ants present,7,82,170,18.4,15.6,1,10.1,6,6.5,25.5,0.8,186,45,KARIYAT-GEN-S07-4,TRUE,774128166193,Agricultural Field,Upregulated defense pathways (mowing/herbivory stress)
0521-S07-D-P05-COMP,2026-05-21,S07,West_Texas,Disturbed,5,28.8782,-100.89736,37.5,2.8,220,26,4,0,,19,90,232,24.2,37.9,0,13.0,15,6.5,25.5,0.8,186,45,KARIYAT-GEN-S07-5,TRUE,774606966223,Residential,Upregulated defense pathways (mowing/herbivory stress)
0521-S07-D-P06-COMP,2026-05-21,S07,West_Texas,Disturbed,6,28.8782,-100.89736,37.5,2.8,220,3,3,0,Ants present,13,85,246,20.6,29.9,1,14.0,0,6.5,25.5,0.8,186,45,KARIYAT-GEN-S07-6,TRUE,774750738536,Residential,Upregulated defense pathways (mowing/herbivory stress)
0521-S07-D-P07-COMP,2026-05-21,S07,West_Texas,Disturbed,7,28.8782,-100.89736,37.5,2.8,220,13,3,2,Looks healthy,5,29,227,24.9,31.8,0,10.8,2,6.5,25.5,0.8,186,45,KARIYAT-GEN-S07-7,TRUE,774655009945,Agricultural Field,Upregulated defense pathways (mowing/herbivory stress)
0521-S07-D-P08-COMP,2026-05-21,S07,West_Texas,Disturbed,8,28.8782,-100.89736,37.5,2.8,220,6,4,0,Looks healthy,6,69,193,14.3,16.0,1,11.1,15,6.5,25.5,0.8,186,45,KARIYAT-GEN-S07-8,TRUE,774286142605,Roadside,Upregulated defense pathways (mowing/herbivory stress)
0521-S07-D-P09-COMP,2026-05-21,S07,West_Texas,Disturbed,9,28.8782,-100.89736,37.5,2.8,220,6,4,1,Looks healthy,13,32,113,23.3,36.0,0,13.1,7,6.5,25.5,0.8,186,45,KARIYAT-GEN-S07-9,TRUE,774745142717,Roadside,Upregulated defense pathways (mowing/herbivory stress)
0521-S07-D-P10-COMP,2026-05-21,S07,West_Texas,Disturbed,10,28.8782,-100.89736,37.5,2.8,220,23,2,1,Looks healthy,10,81,186,23.8,23.0,1,12.2,11,6.5,25.5,0.8,186,45,KARIYAT-GEN-S07-10,TRUE,774513129260,Roadside,Upregulated defense pathways (mowing/herbivory stress)
0521-S08-D-P01-COMP,2026-05-21,S08,West_Texas,Disturbed,1,28.86705,-100.68659,35.7,5.0,260,9,4,1,Mowed recently,14,73,63,22.1,19.2,1,14.5,13,6.7,35.6,0.5,268,47,KARIYAT-GEN-S08-1,TRUE,774612358029,Residential,Upregulated defense pathways (mowing/herbivory stress)
0521-S08-D-P02-COMP,2026-05-21,S08,West_Texas,Disturbed,2,28.86705,-100.68659,35.7,5.0,260,29,4,1,Drought stressed,9,91,182,22.0,35.3,0,13.1,9,6.7,35.6,0.5,268,47,KARIYAT-GEN-S08-2,TRUE,774127998456,Agricultural Field,Upregulated defense pathways (mowing/herbivory stress)
0521-S08-D-P03-COMP,2026-05-21,S08,West_Texas,Disturbed,3,28.86705,-100.68659,35.7,5.0,260,5,2,2,Drought stressed,18,32,68,11.7,17.9,1,12.1,5,6.7,35.6,0.5,268,47,KARIYAT-GEN-S08-3,TRUE,774355669068,Agricultural Field,Upregulated defense pathways (mowing/herbivory stress)
0521-S08-D-P04-COMP,2026-05-21,S08,West_Texas,Disturbed,4,28.86705,-100.68659,35.7,5.0,260,18,3,2,Drought stressed,6,20,139,10.4,19.9,1,10.5,3,6.7,35.6,0.5,268,47,KARIYAT-GEN-S08-4,TRUE,774678817578,Agricultural Field,Upregulated defense pathways (mowing/herbivory stress)
0521-S08-D-P05-COMP,2026-05-21,S08,West_Texas,Disturbed,5,28.86705,-100.68659,35.7,5.0,260,23,3,2,Drought stressed,20,26,167,24.4,39.2,0,10.0,9,6.7,35.6,0.5,268,47,KARIYAT-GEN-S08-5,TRUE,774785445001,Residential,Upregulated defense pathways (mowing/herbivory stress)
0521-S08-D-P06-COMP,2026-05-21,S08,West_Texas,Disturbed,6,28.86705,-100.68659,35.7,5.0,260,27,4,0,Drought stressed,18,45,71,21.0,33.0,0,10.6,14,6.7,35.6,0.5,268,47,KARIYAT-GEN-S08-6,TRUE,774169491522,Residential,Upregulated defense pathways (mowing/herbivory stress)
0521-S08-D-P07-COMP,2026-05-21,S08,West_Texas,Disturbed,7,28.86705,-100.68659,35.7,5.0,260,26,3,1,Ants present,7,20,140,10.9,33.7,0,11.4,12,6.7,35.6,0.5,268,47,KARIYAT-GEN-S08-7,TRUE,774956554181,Roadside,Upregulated defense pathways (mowing/herbivory stress)
0521-S08-D-P08-COMP,2026-05-21,S08,West_Texas,Disturbed,8,28.86705,-100.68659,35.7,5.0,260,20,2,1,,11,27,227,15.8,15.0,1,13.4,8,6.7,35.6,0.5,268,47,KARIYAT-GEN-S08-8,TRUE,774106237271,Roadside,Upregulated defense pathways (mowing/herbivory stress)
0521-S08-D-P09-COMP,2026-05-21,S08,West_Texas,Disturbed,9,28.86705,-100.68659,35.7,5.0,260,5,2,0,,14,60,175,11.0,19.8,1,11.9,8,6.7,35.6,0.5,268,47,KARIYAT-GEN-S08-9,TRUE,774377788779,Residential,Upregulated defense pathways (mowing/herbivory stress)
0521-S08-D-P10-COMP,2026-05-21,S08,West_Texas,Disturbed,10,28.86705,-100.68659,35.7,5.0,260,5,4,2,Looks healthy,20,85,144,12.9,29.0,0,12.0,14,6.7,35.6,0.5,268,47,KARIYAT-GEN-S08-10,TRUE,774673541336,Residential,Upregulated defense pathways (mowing/herbivory stress)
0522-S09-U-P01-COMP,2026-05-22,S09,Panhandle,Undisturbed,1,33.92292,-101.34291,31.4,40.5,90,74,2,7,Flowering heavily,0,12,2,39.6,99.4,2,23.6,41,8.2,21.8,3.2,155,186,KARIYAT-GEN-S09-1,TRUE,774109181127,Isolated,"Baseline expression, low stress markers"
0522-S09-U-P02-COMP,2026-05-22,S09,Panhandle,Undisturbed,2,33.92292,-101.34291,31.4,40.5,90,71,1,6,,4,13,7,27.5,72.9,2,26.5,41,8.2,21.8,3.2,155,186,KARIYAT-GEN-S09-2,TRUE,774121493042,Isolated,"Baseline expression, low stress markers"
0522-S09-U-P03-COMP,2026-05-22,S09,Panhandle,Undisturbed,3,33.92292,-101.34291,31.4,40.5,90,72,2,15,Huge root,1,9,37,47.4,54.4,2,25.6,64,8.2,21.8,3.2,155,186,KARIYAT-GEN-S09-3,TRUE,774464724369,Isolated,"Baseline expression, low stress markers"
0522-S09-U-P04-COMP,2026-05-22,S09,Panhandle,Undisturbed,4,33.92292,-101.34291,31.4,40.5,90,84,1,15,Very thorny,2,3,35,36.3,96.3,1,20.4,40,8.2,21.8,3.2,155,186,KARIYAT-GEN-S09-4,TRUE,774347593733,Isolated,"Baseline expression, low stress markers"
0522-S09-U-P05-COMP,2026-05-22,S09,Panhandle,Undisturbed,5,33.92292,-101.34291,31.4,40.5,90,66,0,9,Very thorny,1,14,48,34.2,84.8,1,24.8,48,8.2,21.8,3.2,155,186,KARIYAT-GEN-S09-5,TRUE,774232280337,Isolated,"Baseline expression, low stress markers"
0522-S09-U-P06-COMP,2026-05-22,S09,Panhandle,Undisturbed,6,33.92292,-101.34291,31.4,40.5,90,74,0,13,,2,0,18,39.7,52.4,1,23.3,54,8.2,21.8,3.2,155,186,KARIYAT-GEN-S09-6,TRUE,774502900726,Water Source,"Baseline expression, low stress markers"
0522-S09-U-P07-COMP,2026-05-22,S09,Panhandle,Undisturbed,7,33.92292,-101.34291,31.4,40.5,90,70,0,12,Very thorny,5,4,14,30.7,91.9,2,26.0,58,8.2,21.8,3.2,155,186,KARIYAT-GEN-S09-7,TRUE,774567462696,Water Source,"Baseline expression, low stress markers"
0522-S09-U-P08-COMP,2026-05-22,S09,Panhandle,Undisturbed,8,33.92292,-101.34291,31.4,40.5,90,70,0,5,,2,19,27,45.5,51.6,2,25.5,49,8.2,21.8,3.2,155,186,KARIYAT-GEN-S09-8,TRUE,774516153956,Water Source,"Baseline expression, low stress markers"
0522-S09-U-P09-COMP,2026-05-22,S09,Panhandle,Undisturbed,9,33.92292,-101.34291,31.4,40.5,90,73,1,12,Very thorny,3,4,36,25.5,53.7,1,26.1,80,8.2,21.8,3.2,155,186,KARIYAT-GEN-S09-9,TRUE,774435142682,Isolated,"Baseline expression, low stress markers"
0522-S09-U-P10-COMP,2026-05-22,S09,Panhandle,Undisturbed,10,33.92292,-101.34291,31.4,40.5,90,96,1,14,Flowering heavily,4,13,2,45.6,68.0,2,25.2,54,8.2,21.8,3.2,155,186,KARIYAT-GEN-S09-10,TRUE,774508093814,Isolated,"Baseline expression, low stress markers"
0522-S10-U-P01-COMP,2026-05-22,S10,Panhandle,Undisturbed,1,33.50949,-101.75116,33.8,31.9,117,77,0,11,Huge root,5,12,12,27.7,90.8,1,24.2,50,8.3,34.7,3.9,337,128,KARIYAT-GEN-S10-1,TRUE,774492481889,Isolated,"Baseline expression, low stress markers"
0522-S10-U-P02-COMP,2026-05-22,S10,Panhandle,Undisturbed,2,33.50949,-101.75116,33.8,31.9,117,60,0,10,,3,2,48,45.9,53.0,1,23.5,61,8.3,34.7,3.9,337,128,KARIYAT-GEN-S10-2,TRUE,774104843369,Isolated,"Baseline expression, low stress markers"
0522-S10-U-P03-COMP,2026-05-22,S10,Panhandle,Undisturbed,3,33.50949,-101.75116,33.8,31.9,117,62,1,9,Flowering heavily,1,16,2,37.1,87.0,2,23.9,45,8.3,34.7,3.9,337,128,KARIYAT-GEN-S10-3,TRUE,774819840785,Isolated,"Baseline expression, low stress markers"
0522-S10-U-P04-COMP,2026-05-22,S10,Panhandle,Undisturbed,4,33.50949,-101.75116,33.8,31.9,117,74,0,5,Huge root,2,16,45,39.3,71.2,2,24.0,76,8.3,34.7,3.9,337,128,KARIYAT-GEN-S10-4,TRUE,774658077129,Water Source,"Baseline expression, low stress markers"
0522-S10-U-P05-COMP,2026-05-22,S10,Panhandle,Undisturbed,5,33.50949,-101.75116,33.8,31.9,117,98,1,6,Huge root,0,12,38,36.3,93.0,2,30.0,52,8.3,34.7,3.9,337,128,KARIYAT-GEN-S10-5,TRUE,774622248358,Isolated,"Baseline expression, low stress markers"
0522-S10-U-P06-COMP,2026-05-22,S10,Panhandle,Undisturbed,6,33.50949,-101.75116,33.8,31.9,117,62,1,13,Flowering heavily,4,14,1,35.1,69.5,1,26.5,66,8.3,34.7,3.9,337,128,KARIYAT-GEN-S10-6,TRUE,774240099865,Water Source,"Baseline expression, low stress markers"
0522-S10-U-P07-COMP,2026-05-22,S10,Panhandle,Undisturbed,7,33.50949,-101.75116,33.8,31.9,117,76,2,8,Flowering heavily,3,20,35,45.2,75.4,2,24.0,69,8.3,34.7,3.9,337,128,KARIYAT-GEN-S10-7,TRUE,774320650296,Isolated,"Baseline expression, low stress markers"
0522-S10-U-P08-COMP,2026-05-22,S10,Panhandle,Undisturbed,8,33.50949,-101.75116,33.8,31.9,117,83,1,10,Very thorny,1,5,12,29.4,84.7,2,26.0,40,8.3,34.7,3.9,337,128,KARIYAT-GEN-S10-8,TRUE,774355982300,Water Source,"Baseline expression, low stress markers"
0522-S10-U-P09-COMP,2026-05-22,S10,Panhandle,Undisturbed,9,33.50949,-101.75116,33.8,31.9,117,69,1,6,,2,8,5,27.8,65.4,2,22.6,47,8.3,34.7,3.9,337,128,KARIYAT-GEN-S10-9,TRUE,774887989346,Isolated,"Baseline expression, low stress markers"
0522-S10-U-P10-COMP,2026-05-22,S10,Panhandle,Undisturbed,10,33.50949,-101.75116,33.8,31.9,117,96,1,8,Flowering heavily,1,6,4,48.1,79.6,2,28.2,46,8.3,34.7,3.9,337,128,KARIYAT-GEN-S10-10,TRUE,774844268354,Water Source,"Baseline expression, low stress markers"
0522-S11-U-P01-COMP,2026-05-22,S11,Panhandle,Undisturbed,1,33.88919,-102.21826,30.6,45.8,98,73,1,8,Huge root,4,3,5,37.3,69.2,2,25.0,58,7.7,23.5,3.8,331,138,KARIYAT-GEN-S11-1,TRUE,774284937458,Water Source,"Baseline expression, low stress markers"
0522-S11-U-P02-COMP,2026-05-22,S11,Panhandle,Undisturbed,2,33.88919,-102.21826,30.6,45.8,98,63,0,14,Very thorny,1,2,9,38.5,72.6,1,23.8,79,7.7,23.5,3.8,331,138,KARIYAT-GEN-S11-2,TRUE,774379400263,Isolated,"Baseline expression, low stress markers"
0522-S11-U-P03-COMP,2026-05-22,S11,Panhandle,Undisturbed,3,33.88919,-102.21826,30.6,45.8,98,76,1,13,Very thorny,1,20,37,32.4,94.2,1,26.1,42,7.7,23.5,3.8,331,138,KARIYAT-GEN-S11-3,TRUE,774762789662,Isolated,"Baseline expression, low stress markers"
0522-S11-U-P04-COMP,2026-05-22,S11,Panhandle,Undisturbed,4,33.88919,-102.21826,30.6,45.8,98,72,1,10,Flowering heavily,5,8,13,45.9,62.6,2,24.7,42,7.7,23.5,3.8,331,138,KARIYAT-GEN-S11-4,TRUE,774320813650,Isolated,"Baseline expression, low stress markers"
0522-S11-U-P05-COMP,2026-05-22,S11,Panhandle,Undisturbed,5,33.88919,-102.21826,30.6,45.8,98,70,2,7,Flowering heavily,0,1,23,48.7,89.5,1,29.4,50,7.7,23.5,3.8,331,138,KARIYAT-GEN-S11-5,TRUE,774280516726,Isolated,"Baseline expression, low stress markers"
0522-S11-U-P06-COMP,2026-05-22,S11,Panhandle,Undisturbed,6,33.88919,-102.21826,30.6,45.8,98,63,2,10,Huge root,3,7,45,42.8,93.6,2,23.5,76,7.7,23.5,3.8,331,138,KARIYAT-GEN-S11-6,TRUE,774475721880,Isolated,"Baseline expression, low stress markers"
0522-S11-U-P07-COMP,2026-05-22,S11,Panhandle,Undisturbed,7,33.88919,-102.21826,30.6,45.8,98,71,2,8,Flowering heavily,0,18,11,32.1,98.8,1,29.0,72,7.7,23.5,3.8,331,138,KARIYAT-GEN-S11-7,TRUE,774313180425,Isolated,"Baseline expression, low stress markers"
0522-S11-U-P08-COMP,2026-05-22,S11,Panhandle,Undisturbed,8,33.88919,-102.21826,30.6,45.8,98,83,0,14,Very thorny,3,3,21,43.2,86.3,1,26.1,75,7.7,23.5,3.8,331,138,KARIYAT-GEN-S11-8,TRUE,774609081276,Isolated,"Baseline expression, low stress markers"
0522-S11-U-P09-COMP,2026-05-22,S11,Panhandle,Undisturbed,9,33.88919,-102.21826,30.6,45.8,98,98,2,14,,4,3,38,29.3,60.8,1,28.2,63,7.7,23.5,3.8,331,138,KARIYAT-GEN-S11-9,TRUE,774222513635,Isolated,"Baseline expression, low stress markers"
0522-S11-U-P10-COMP,2026-05-22,S11,Panhandle,Undisturbed,10,33.88919,-102.21826,30.6,45.8,98,69,2,10,Very thorny,2,13,40,34.2,81.7,2,26.0,61,7.7,23.5,3.8,331,138,KARIYAT-GEN-S11-10,TRUE,774628953528,Water Source,"Baseline expression, low stress markers"
0522-S12-D-P01-COMP,2026-05-22,S12,Panhandle,Disturbed,1,33.91736,-101.8403,32.9,1.4,206,30,2,0,Mowed recently,16,67,233,19.6,34.2,1,12.8,4,7.5,38.3,2.4,816,41,KARIYAT-GEN-S12-1,TRUE,774516103904,Roadside,Upregulated defense pathways (mowing/herbivory stress)
0522-S12-D-P02-COMP,2026-05-22,S12,Panhandle,Disturbed,2,33.91736,-101.8403,32.9,1.4,206,7,4,1,Looks healthy,11,63,66,14.3,24.3,1,12.3,11,7.5,38.3,2.4,816,41,KARIYAT-GEN-S12-2,TRUE,774411129387,Roadside,Upregulated defense pathways (mowing/herbivory stress)
0522-S12-D-P03-COMP,2026-05-22,S12,Panhandle,Disturbed,3,33.91736,-101.8403,32.9,1.4,206,19,2,0,Ants present,8,33,130,23.8,29.0,1,12.6,3,7.5,38.3,2.4,816,41,KARIYAT-GEN-S12-3,TRUE,774623169501,Roadside,Upregulated defense pathways (mowing/herbivory stress)
0522-S12-D-P04-COMP,2026-05-22,S12,Panhandle,Disturbed,4,33.91736,-101.8403,32.9,1.4,206,4,2,1,Looks healthy,8,50,130,17.7,16.2,0,12.9,6,7.5,38.3,2.4,816,41,KARIYAT-GEN-S12-4,TRUE,774996815714,Roadside,Upregulated defense pathways (mowing/herbivory stress)
0522-S12-D-P05-COMP,2026-05-22,S12,Panhandle,Disturbed,5,33.91736,-101.8403,32.9,1.4,206,14,4,2,Ants present,11,38,135,22.6,23.1,0,12.6,9,7.5,38.3,2.4,816,41,KARIYAT-GEN-S12-5,TRUE,774276894796,Residential,Upregulated defense pathways (mowing/herbivory stress)
0522-S12-D-P06-COMP,2026-05-22,S12,Panhandle,Disturbed,6,33.91736,-101.8403,32.9,1.4,206,25,2,1,Looks healthy,17,66,235,13.6,36.7,1,13.1,1,7.5,38.3,2.4,816,41,KARIYAT-GEN-S12-6,TRUE,774272866291,Residential,Upregulated defense pathways (mowing/herbivory stress)
0522-S12-D-P07-COMP,2026-05-22,S12,Panhandle,Disturbed,7,33.91736,-101.8403,32.9,1.4,206,1,2,0,,8,90,229,12.0,21.9,1,11.4,5,7.5,38.3,2.4,816,41,KARIYAT-GEN-S12-7,TRUE,774590143823,Agricultural Field,Upregulated defense pathways (mowing/herbivory stress)
0522-S12-D-P08-COMP,2026-05-22,S12,Panhandle,Disturbed,8,33.91736,-101.8403,32.9,1.4,206,14,3,0,Looks healthy,10,88,195,17.6,33.0,1,12.9,15,7.5,38.3,2.4,816,41,KARIYAT-GEN-S12-8,TRUE,774448486508,Residential,Upregulated defense pathways (mowing/herbivory stress)
0522-S12-D-P09-COMP,2026-05-22,S12,Panhandle,Disturbed,9,33.91736,-101.8403,32.9,1.4,206,28,3,1,Drought stressed,6,91,157,11.4,39.9,1,12.3,9,7.5,38.3,2.4,816,41,KARIYAT-GEN-S12-9,TRUE,774685027270,Roadside,Upregulated defense pathways (mowing/herbivory stress)
0522-S12-D-P10-COMP,2026-05-22,S12,Panhandle,Disturbed,10,33.91736,-101.8403,32.9,1.4,206,12,3,2,Looks healthy,7,59,231,24.9,19.4,0,14.2,15,7.5,38.3,2.4,816,41,KARIYAT-GEN-S12-10,TRUE,774168932122,Agricultural Field,Upregulated defense pathways (mowing/herbivory stress)
0523-S13-U-P01-COMP,2026-05-23,S13,Central_Texas,Undisturbed,1,30.44994,-97.24946,30.5,28.2,97,99,0,14,Flowering heavily,5,3,42,37.5,86.2,1,27.1,73,7.7,18.0,4.3,350,179,KARIYAT-GEN-S13-1,TRUE,774221141405,Isolated,"Baseline expression, low stress markers"
0523-S13-U-P02-COMP,2026-05-23,S13,Central_Texas,Undisturbed,2,30.44994,-97.24946,30.5,28.2,97,82,0,10,Huge root,4,19,44,37.3,90.0,2,27.0,62,7.7,18.0,4.3,350,179,KARIYAT-GEN-S13-2,TRUE,774492283764,Isolated,"Baseline expression, low stress markers"
0523-S13-U-P03-COMP,2026-05-23,S13,Central_Texas,Undisturbed,3,30.44994,-97.24946,30.5,28.2,97,60,1,11,Very thorny,0,16,49,30.9,64.2,2,28.5,61,7.7,18.0,4.3,350,179,KARIYAT-GEN-S13-3,TRUE,774115814921,Isolated,"Baseline expression, low stress markers"
0523-S13-U-P04-COMP,2026-05-23,S13,Central_Texas,Undisturbed,4,30.44994,-97.24946,30.5,28.2,97,92,0,9,Flowering heavily,0,15,12,37.8,99.9,1,29.0,41,7.7,18.0,4.3,350,179,KARIYAT-GEN-S13-4,TRUE,774475963883,Isolated,"Baseline expression, low stress markers"
0523-S13-U-P05-COMP,2026-05-23,S13,Central_Texas,Undisturbed,5,30.44994,-97.24946,30.5,28.2,97,96,0,11,,3,4,48,49.5,95.4,1,28.4,72,7.7,18.0,4.3,350,179,KARIYAT-GEN-S13-5,TRUE,774799077285,Isolated,"Baseline expression, low stress markers"
0523-S13-U-P06-COMP,2026-05-23,S13,Central_Texas,Undisturbed,6,30.44994,-97.24946,30.5,28.2,97,99,1,15,Very thorny,4,16,49,32.9,97.0,1,26.3,59,7.7,18.0,4.3,350,179,KARIYAT-GEN-S13-6,TRUE,774939795273,Water Source,"Baseline expression, low stress markers"
0523-S13-U-P07-COMP,2026-05-23,S13,Central_Texas,Undisturbed,7,30.44994,-97.24946,30.5,28.2,97,92,1,15,,1,14,24,29.9,90.8,2,30.0,76,7.7,18.0,4.3,350,179,KARIYAT-GEN-S13-7,TRUE,774455236222,Water Source,"Baseline expression, low stress markers"
0523-S13-U-P08-COMP,2026-05-23,S13,Central_Texas,Undisturbed,8,30.44994,-97.24946,30.5,28.2,97,71,1,5,Very thorny,5,2,40,33.1,81.3,1,25.7,77,7.7,18.0,4.3,350,179,KARIYAT-GEN-S13-8,TRUE,774321689837,Water Source,"Baseline expression, low stress markers"
0523-S13-U-P09-COMP,2026-05-23,S13,Central_Texas,Undisturbed,9,30.44994,-97.24946,30.5,28.2,97,75,1,5,Very thorny,1,14,48,46.7,90.3,2,25.3,44,7.7,18.0,4.3,350,179,KARIYAT-GEN-S13-9,TRUE,774474802748,Water Source,"Baseline expression, low stress markers"
0523-S13-U-P10-COMP,2026-05-23,S13,Central_Texas,Undisturbed,10,30.44994,-97.24946,30.5,28.2,97,78,1,5,Flowering heavily,2,17,22,29.6,62.5,1,22.7,68,7.7,18.0,4.3,350,179,KARIYAT-GEN-S13-10,TRUE,774968537292,Water Source,"Baseline expression, low stress markers"
0523-S14-D-P01-COMP,2026-05-23,S14,Central_Texas,Disturbed,1,29.93443,-97.6683,34.8,4.8,263,13,2,1,,15,91,232,14.9,31.4,1,14.0,13,6.5,22.6,1.3,642,28,KARIYAT-GEN-S14-1,TRUE,774968517255,Agricultural Field,Upregulated defense pathways (mowing/herbivory stress)
0523-S14-D-P02-COMP,2026-05-23,S14,Central_Texas,Disturbed,2,29.93443,-97.6683,34.8,4.8,263,15,3,0,Mowed recently,20,46,242,19.1,29.7,0,11.6,2,6.5,22.6,1.3,642,28,KARIYAT-GEN-S14-2,TRUE,774685536403,Residential,Upregulated defense pathways (mowing/herbivory stress)
0523-S14-D-P03-COMP,2026-05-23,S14,Central_Texas,Disturbed,3,29.93443,-97.6683,34.8,4.8,263,23,4,2,Ants present,17,47,150,10.5,19.3,0,10.9,6,6.5,22.6,1.3,642,28,KARIYAT-GEN-S14-3,TRUE,774339840594,Residential,Upregulated defense pathways (mowing/herbivory stress)
0523-S14-D-P04-COMP,2026-05-23,S14,Central_Texas,Disturbed,4,29.93443,-97.6683,34.8,4.8,263,13,2,2,Mowed recently,12,29,150,21.3,17.3,1,13.8,7,6.5,22.6,1.3,642,28,KARIYAT-GEN-S14-4,TRUE,774437003182,Residential,Upregulated defense pathways (mowing/herbivory stress)
0523-S14-D-P05-COMP,2026-05-23,S14,Central_Texas,Disturbed,5,29.93443,-97.6683,34.8,4.8,263,30,3,1,Drought stressed,9,60,243,20.7,31.6,0,13.0,15,6.5,22.6,1.3,642,28,KARIYAT-GEN-S14-5,TRUE,774571383653,Residential,Upregulated defense pathways (mowing/herbivory stress)
0523-S14-D-P06-COMP,2026-05-23,S14,Central_Texas,Disturbed,6,29.93443,-97.6683,34.8,4.8,263,25,4,1,Ants present,6,43,56,21.8,20.4,0,10.9,14,6.5,22.6,1.3,642,28,KARIYAT-GEN-S14-6,TRUE,774993484687,Roadside,Upregulated defense pathways (mowing/herbivory stress)
0523-S14-D-P07-COMP,2026-05-23,S14,Central_Texas,Disturbed,7,29.93443,-97.6683,34.8,4.8,263,20,3,2,Looks healthy,5,29,154,20.0,38.3,1,13.2,13,6.5,22.6,1.3,642,28,KARIYAT-GEN-S14-7,TRUE,774377446249,Roadside,Upregulated defense pathways (mowing/herbivory stress)
0523-S14-D-P08-COMP,2026-05-23,S14,Central_Texas,Disturbed,8,29.93443,-97.6683,34.8,4.8,263,18,3,2,Mowed recently,12,24,151,13.6,37.9,1,10.5,9,6.5,22.6,1.3,642,28,KARIYAT-GEN-S14-8,TRUE,774688222718,Agricultural Field,Upregulated defense pathways (mowing/herbivory stress)
0523-S14-D-P09-COMP,2026-05-23,S14,Central_Texas,Disturbed,9,29.93443,-97.6683,34.8,4.8,263,20,2,1,Ants present,20,61,190,23.6,32.1,1,11.0,14,6.5,22.6,1.3,642,28,KARIYAT-GEN-S14-9,TRUE,774693403296,Residential,Upregulated defense pathways (mowing/herbivory stress)
0523-S14-D-P10-COMP,2026-05-23,S14,Central_Texas,Disturbed,10,29.93443,-97.6683,34.8,4.8,263,24,4,2,Looks healthy,20,100,195,24.5,25.8,0,14.1,12,6.5,22.6,1.3,642,28,KARIYAT-GEN-S14-10,TRUE,774251095932,Roadside,Upregulated defense pathways (mowing/herbivory stress)
0523-S15-U-P01-COMP,2026-05-23,S15,Central_Texas,Undisturbed,1,29.89773,-97.54318,30.3,36.3,114,97,2,10,Very thorny,0,1,7,33.0,51.0,2,26.8,47,7.1,21.0,4.7,572,132,KARIYAT-GEN-S15-1,TRUE,774305522470,Water Source,"Baseline expression, low stress markers"
0523-S15-U-P02-COMP,2026-05-23,S15,Central_Texas,Undisturbed,2,29.89773,-97.54318,30.3,36.3,114,68,0,6,Huge root,1,14,6,42.5,84.6,2,24.7,56,7.1,21.0,4.7,572,132,KARIYAT-GEN-S15-2,TRUE,774416475524,Isolated,"Baseline expression, low stress markers"
0523-S15-U-P03-COMP,2026-05-23,S15,Central_Texas,Undisturbed,3,29.89773,-97.54318,30.3,36.3,114,63,1,13,Flowering heavily,2,4,49,36.7,81.0,2,25.0,73,7.1,21.0,4.7,572,132,KARIYAT-GEN-S15-3,TRUE,774674974886,Isolated,"Baseline expression, low stress markers"
0523-S15-U-P04-COMP,2026-05-23,S15,Central_Texas,Undisturbed,4,29.89773,-97.54318,30.3,36.3,114,85,1,9,Huge root,5,2,50,27.1,86.9,1,25.0,64,7.1,21.0,4.7,572,132,KARIYAT-GEN-S15-4,TRUE,774485032374,Water Source,"Baseline expression, low stress markers"
0523-S15-U-P05-COMP,2026-05-23,S15,Central_Texas,Undisturbed,5,29.89773,-97.54318,30.3,36.3,114,81,0,12,Flowering heavily,5,10,42,37.9,64.1,1,26.0,46,7.1,21.0,4.7,572,132,KARIYAT-GEN-S15-5,TRUE,774912441950,Isolated,"Baseline expression, low stress markers"
0523-S15-U-P06-COMP,2026-05-23,S15,Central_Texas,Undisturbed,6,29.89773,-97.54318,30.3,36.3,114,99,1,15,Flowering heavily,5,10,12,49.8,56.6,1,26.1,55,7.1,21.0,4.7,572,132,KARIYAT-GEN-S15-6,TRUE,774324437091,Water Source,"Baseline expression, low stress markers"
0523-S15-U-P07-COMP,2026-05-23,S15,Central_Texas,Undisturbed,7,29.89773,-97.54318,30.3,36.3,114,65,0,10,Huge root,0,11,3,47.8,59.4,2,23.7,43,7.1,21.0,4.7,572,132,KARIYAT-GEN-S15-7,TRUE,774123856691,Isolated,"Baseline expression, low stress markers"
0523-S15-U-P08-COMP,2026-05-23,S15,Central_Texas,Undisturbed,8,29.89773,-97.54318,30.3,36.3,114,91,2,15,Very thorny,0,2,28,40.5,64.4,1,23.3,78,7.1,21.0,4.7,572,132,KARIYAT-GEN-S15-8,TRUE,774961078856,Isolated,"Baseline expression, low stress markers"
0523-S15-U-P09-COMP,2026-05-23,S15,Central_Texas,Undisturbed,9,29.89773,-97.54318,30.3,36.3,114,84,1,6,Flowering heavily,2,0,37,39.1,84.6,1,24.1,66,7.1,21.0,4.7,572,132,KARIYAT-GEN-S15-9,TRUE,774392502152,Isolated,"Baseline expression, low stress markers"
0523-S15-U-P10-COMP,2026-05-23,S15,Central_Texas,Undisturbed,10,29.89773,-97.54318,30.3,36.3,114,83,2,7,,1,7,14,29.2,90.3,2,27.1,52,7.1,21.0,4.7,572,132,KARIYAT-GEN-S15-10,TRUE,774990618779,Isolated,"Baseline expression, low stress markers"
0523-S16-U-P01-COMP,2026-05-23,S16,Central_Texas,Undisturbed,1,30.22936,-97.98124,34.8,31.9,85,81,2,15,Very thorny,3,5,46,29.4,74.1,1,24.1,74,7.9,20.0,3.5,368,224,KARIYAT-GEN-S16-1,TRUE,774682292757,Water Source,"Baseline expression, low stress markers"
0523-S16-U-P02-COMP,2026-05-23,S16,Central_Texas,Undisturbed,2,30.22936,-97.98124,34.8,31.9,85,99,1,15,,0,5,28,39.0,97.5,2,28.2,79,7.9,20.0,3.5,368,224,KARIYAT-GEN-S16-2,TRUE,774598876228,Isolated,"Baseline expression, low stress markers"
0523-S16-U-P03-COMP,2026-05-23,S16,Central_Texas,Undisturbed,3,30.22936,-97.98124,34.8,31.9,85,64,0,13,Flowering heavily,5,1,6,29.2,63.5,1,25.9,60,7.9,20.0,3.5,368,224,KARIYAT-GEN-S16-3,TRUE,774183263497,Isolated,"Baseline expression, low stress markers"
0523-S16-U-P04-COMP,2026-05-23,S16,Central_Texas,Undisturbed,4,30.22936,-97.98124,34.8,31.9,85,63,2,7,,4,12,10,32.0,85.6,1,28.8,69,7.9,20.0,3.5,368,224,KARIYAT-GEN-S16-4,TRUE,774217886023,Isolated,"Baseline expression, low stress markers"
0523-S16-U-P05-COMP,2026-05-23,S16,Central_Texas,Undisturbed,5,30.22936,-97.98124,34.8,31.9,85,68,2,15,Huge root,4,8,28,37.1,70.9,1,26.7,47,7.9,20.0,3.5,368,224,KARIYAT-GEN-S16-5,TRUE,774840403993,Isolated,"Baseline expression, low stress markers"
0523-S16-U-P06-COMP,2026-05-23,S16,Central_Texas,Undisturbed,6,30.22936,-97.98124,34.8,31.9,85,100,0,11,,3,13,13,39.1,85.1,1,26.5,60,7.9,20.0,3.5,368,224,KARIYAT-GEN-S16-6,TRUE,774741969255,Isolated,"Baseline expression, low stress markers"
0523-S16-U-P07-COMP,2026-05-23,S16,Central_Texas,Undisturbed,7,30.22936,-97.98124,34.8,31.9,85,93,2,12,Huge root,4,17,22,27.9,82.4,1,24.8,71,7.9,20.0,3.5,368,224,KARIYAT-GEN-S16-7,TRUE,774117709381,Isolated,"Baseline expression, low stress markers"
0523-S16-U-P08-COMP,2026-05-23,S16,Central_Texas,Undisturbed,8,30.22936,-97.98124,34.8,31.9,85,94,0,15,Very thorny,2,18,26,47.2,60.8,2,22.2,44,7.9,20.0,3.5,368,224,KARIYAT-GEN-S16-8,TRUE,774716143087,Water Source,"Baseline expression, low stress markers"
0523-S16-U-P09-COMP,2026-05-23,S16,Central_Texas,Undisturbed,9,30.22936,-97.98124,34.8,31.9,85,90,2,8,Flowering heavily,0,17,1,38.8,88.6,1,28.8,53,7.9,20.0,3.5,368,224,KARIYAT-GEN-S16-9,TRUE,774701434034,Water Source,"Baseline expression, low stress markers"
0523-S16-U-P10-COMP,2026-05-23,S16,Central_Texas,Undisturbed,10,30.22936,-97.98124,34.8,31.9,85,97,2,10,Flowering heavily,4,11,15,41.7,51.7,2,27.3,55,7.9,20.0,3.5,368,224,KARIYAT-GEN-S16-10,TRUE,774765342044,Water Source,"Baseline expression, low stress markers"
0524-S17-D-P01-COMP,2026-05-24,S17,Coastal_Plains,Disturbed,1,27.50572,-97.53279,32.4,2.9,289,3,3,1,Looks healthy,14,86,215,11.5,23.5,1,13.0,13,7.6,36.3,2.5,603,40,KARIYAT-GEN-S17-1,TRUE,774465628296,Agricultural Field,Upregulated defense pathways (mowing/herbivory stress)
0524-S17-D-P02-COMP,2026-05-24,S17,Coastal_Plains,Disturbed,2,27.50572,-97.53279,32.4,2.9,289,2,3,0,Drought stressed,12,96,172,19.2,15.3,1,11.8,15,7.6,36.3,2.5,603,40,KARIYAT-GEN-S17-2,TRUE,774735879759,Residential,Upregulated defense pathways (mowing/herbivory stress)
0524-S17-D-P03-COMP,2026-05-24,S17,Coastal_Plains,Disturbed,3,27.50572,-97.53279,32.4,2.9,289,16,3,2,Ants present,5,94,205,12.7,18.9,0,13.2,0,7.6,36.3,2.5,603,40,KARIYAT-GEN-S17-3,TRUE,774804263036,Residential,Upregulated defense pathways (mowing/herbivory stress)
0524-S17-D-P04-COMP,2026-05-24,S17,Coastal_Plains,Disturbed,4,27.50572,-97.53279,32.4,2.9,289,0,4,0,Looks healthy,14,86,218,11.9,37.1,0,10.2,9,7.6,36.3,2.5,603,40,KARIYAT-GEN-S17-4,TRUE,774127443150,Roadside,Upregulated defense pathways (mowing/herbivory stress)
0524-S17-D-P05-COMP,2026-05-24,S17,Coastal_Plains,Disturbed,5,27.50572,-97.53279,32.4,2.9,289,1,3,0,Looks healthy,11,87,224,21.4,34.6,1,14.1,8,7.6,36.3,2.5,603,40,KARIYAT-GEN-S17-5,TRUE,774797143804,Residential,Upregulated defense pathways (mowing/herbivory stress)
0524-S17-D-P06-COMP,2026-05-24,S17,Coastal_Plains,Disturbed,6,27.50572,-97.53279,32.4,2.9,289,22,4,0,Mowed recently,7,99,223,13.9,38.8,0,12.2,5,7.6,36.3,2.5,603,40,KARIYAT-GEN-S17-6,TRUE,774266512895,Residential,Upregulated defense pathways (mowing/herbivory stress)
0524-S17-D-P07-COMP,2026-05-24,S17,Coastal_Plains,Disturbed,7,27.50572,-97.53279,32.4,2.9,289,6,3,1,,8,40,177,19.3,30.7,0,13.1,3,7.6,36.3,2.5,603,40,KARIYAT-GEN-S17-7,TRUE,774472613729,Residential,Upregulated defense pathways (mowing/herbivory stress)
0524-S17-D-P08-COMP,2026-05-24,S17,Coastal_Plains,Disturbed,8,27.50572,-97.53279,32.4,2.9,289,1,2,1,Drought stressed,19,84,60,20.8,15.5,1,12.2,5,7.6,36.3,2.5,603,40,KARIYAT-GEN-S17-8,TRUE,774359143053,Roadside,Upregulated defense pathways (mowing/herbivory stress)
0524-S17-D-P09-COMP,2026-05-24,S17,Coastal_Plains,Disturbed,9,27.50572,-97.53279,32.4,2.9,289,17,4,2,Mowed recently,13,39,195,19.8,20.5,1,12.4,14,7.6,36.3,2.5,603,40,KARIYAT-GEN-S17-9,TRUE,774569818420,Roadside,Upregulated defense pathways (mowing/herbivory stress)
0524-S17-D-P10-COMP,2026-05-24,S17,Coastal_Plains,Disturbed,10,27.50572,-97.53279,32.4,2.9,289,12,2,1,Drought stressed,19,62,207,17.6,26.2,0,10.9,5,7.6,36.3,2.5,603,40,KARIYAT-GEN-S17-10,TRUE,774956796314,Residential,Upregulated defense pathways (mowing/herbivory stress)
0524-S18-D-P01-COMP,2026-05-24,S18,Coastal_Plains,Disturbed,1,27.34485,-97.45777,36.3,1.9,289,5,3,1,Mowed recently,12,37,233,24.6,30.9,1,13.1,4,8.0,13.0,1.2,282,43,KARIYAT-GEN-S18-1,TRUE,774361608708,Residential,Upregulated defense pathways (mowing/herbivory stress)
0524-S18-D-P02-COMP,2026-05-24,S18,Coastal_Plains,Disturbed,2,27.34485,-97.45777,36.3,1.9,289,7,2,2,Drought stressed,19,96,140,12.9,17.2,1,11.0,1,8.0,13.0,1.2,282,43,KARIYAT-GEN-S18-2,TRUE,774527392600,Agricultural Field,Upregulated defense pathways (mowing/herbivory stress)
0524-S18-D-P03-COMP,2026-05-24,S18,Coastal_Plains,Disturbed,3,27.34485,-97.45777,36.3,1.9,289,20,4,1,Looks healthy,20,89,203,13.6,26.9,1,13.8,7,8.0,13.0,1.2,282,43,KARIYAT-GEN-S18-3,TRUE,774871368280,Residential,Upregulated defense pathways (mowing/herbivory stress)
0524-S18-D-P04-COMP,2026-05-24,S18,Coastal_Plains,Disturbed,4,27.34485,-97.45777,36.3,1.9,289,23,4,0,Looks healthy,13,30,62,14.9,35.8,1,12.9,1,8.0,13.0,1.2,282,43,KARIYAT-GEN-S18-4,TRUE,774453187289,Roadside,Upregulated defense pathways (mowing/herbivory stress)
0524-S18-D-P05-COMP,2026-05-24,S18,Coastal_Plains,Disturbed,5,27.34485,-97.45777,36.3,1.9,289,11,2,2,,9,25,144,16.8,20.5,0,14.6,8,8.0,13.0,1.2,282,43,KARIYAT-GEN-S18-5,TRUE,774337428175,Agricultural Field,Upregulated defense pathways (mowing/herbivory stress)
0524-S18-D-P06-COMP,2026-05-24,S18,Coastal_Plains,Disturbed,6,27.34485,-97.45777,36.3,1.9,289,28,2,2,Ants present,8,77,63,15.0,21.8,0,10.1,6,8.0,13.0,1.2,282,43,KARIYAT-GEN-S18-6,TRUE,774579702226,Agricultural Field,Upregulated defense pathways (mowing/herbivory stress)
0524-S18-D-P07-COMP,2026-05-24,S18,Coastal_Plains,Disturbed,7,27.34485,-97.45777,36.3,1.9,289,10,4,1,Drought stressed,5,20,172,17.1,35.1,0,11.3,2,8.0,13.0,1.2,282,43,KARIYAT-GEN-S18-7,TRUE,774358504415,Roadside,Upregulated defense pathways (mowing/herbivory stress)
0524-S18-D-P08-COMP,2026-05-24,S18,Coastal_Plains,Disturbed,8,27.34485,-97.45777,36.3,1.9,289,3,2,0,Mowed recently,19,30,154,17.2,38.8,0,12.6,12,8.0,13.0,1.2,282,43,KARIYAT-GEN-S18-8,TRUE,774620421484,Roadside,Upregulated defense pathways (mowing/herbivory stress)
0524-S18-D-P09-COMP,2026-05-24,S18,Coastal_Plains,Disturbed,9,27.34485,-97.45777,36.3,1.9,289,10,4,0,Looks healthy,9,42,111,11.9,34.5,1,12.2,9,8.0,13.0,1.2,282,43,KARIYAT-GEN-S18-9,TRUE,774671207329,Agricultural Field,Upregulated defense pathways (mowing/herbivory stress)
0524-S18-D-P10-COMP,2026-05-24,S18,Coastal_Plains,Disturbed,10,27.34485,-97.45777,36.3,1.9,289,21,4,0,,5,48,71,12.1,17.7,0,14.8,7,8.0,13.0,1.2,282,43,KARIYAT-GEN-S18-10,TRUE,774800809850,Residential,Upregulated defense pathways (mowing/herbivory stress)
0524-S19-U-P01-COMP,2026-05-24,S19,Coastal_Plains,Undisturbed,1,28.12236,-97.23506,37.5,47.9,118,92,1,5,Huge root,5,3,35,49.1,69.2,1,21.8,70,6.7,13.5,3.3,309,266,KARIYAT-GEN-S19-1,TRUE,774267919544,Water Source,"Baseline expression, low stress markers"
0524-S19-U-P02-COMP,2026-05-24,S19,Coastal_Plains,Undisturbed,2,28.12236,-97.23506,37.5,47.9,118,66,0,13,Very thorny,5,13,7,26.2,68.2,1,23.6,57,6.7,13.5,3.3,309,266,KARIYAT-GEN-S19-2,TRUE,774831713321,Water Source,"Baseline expression, low stress markers"
0524-S19-U-P03-COMP,2026-05-24,S19,Coastal_Plains,Undisturbed,3,28.12236,-97.23506,37.5,47.9,118,91,0,7,Flowering heavily,2,15,40,46.9,68.8,2,24.1,61,6.7,13.5,3.3,309,266,KARIYAT-GEN-S19-3,TRUE,774190694601,Water Source,"Baseline expression, low stress markers"
0524-S19-U-P04-COMP,2026-05-24,S19,Coastal_Plains,Undisturbed,4,28.12236,-97.23506,37.5,47.9,118,95,2,15,Huge root,2,17,26,28.0,78.7,1,28.6,61,6.7,13.5,3.3,309,266,KARIYAT-GEN-S19-4,TRUE,774602502600,Water Source,"Baseline expression, low stress markers"
0524-S19-U-P05-COMP,2026-05-24,S19,Coastal_Plains,Undisturbed,5,28.12236,-97.23506,37.5,47.9,118,79,2,9,Huge root,1,13,28,34.1,60.0,1,22.0,51,6.7,13.5,3.3,309,266,KARIYAT-GEN-S19-5,TRUE,774246706354,Water Source,"Baseline expression, low stress markers"
0524-S19-U-P06-COMP,2026-05-24,S19,Coastal_Plains,Undisturbed,6,28.12236,-97.23506,37.5,47.9,118,73,1,14,Flowering heavily,4,12,28,49.7,68.5,1,21.6,69,6.7,13.5,3.3,309,266,KARIYAT-GEN-S19-6,TRUE,774444522998,Water Source,"Baseline expression, low stress markers"
0524-S19-U-P07-COMP,2026-05-24,S19,Coastal_Plains,Undisturbed,7,28.12236,-97.23506,37.5,47.9,118,82,0,9,Very thorny,0,16,8,36.3,73.9,2,27.6,59,6.7,13.5,3.3,309,266,KARIYAT-GEN-S19-7,TRUE,774569018067,Water Source,"Baseline expression, low stress markers"
0524-S19-U-P08-COMP,2026-05-24,S19,Coastal_Plains,Undisturbed,8,28.12236,-97.23506,37.5,47.9,118,78,0,7,Very thorny,0,1,21,44.5,81.3,1,24.5,58,6.7,13.5,3.3,309,266,KARIYAT-GEN-S19-8,TRUE,774996664646,Isolated,"Baseline expression, low stress markers"
0524-S19-U-P09-COMP,2026-05-24,S19,Coastal_Plains,Undisturbed,9,28.12236,-97.23506,37.5,47.9,118,88,2,12,,3,18,26,25.0,70.3,2,24.4,49,6.7,13.5,3.3,309,266,KARIYAT-GEN-S19-9,TRUE,774172282850,Isolated,"Baseline expression, low stress markers"
0524-S19-U-P10-COMP,2026-05-24,S19,Coastal_Plains,Undisturbed,10,28.12236,-97.23506,37.5,47.9,118,66,0,9,,1,2,8,38.3,55.3,2,27.1,69,6.7,13.5,3.3,309,266,KARIYAT-GEN-S19-10,TRUE,774239204982,Water Source,"Baseline expression, low stress markers"
0524-S20-U-P01-COMP,2026-05-24,S20,Coastal_Plains,Undisturbed,1,28.29241,-97.67808,33.9,26.2,150,93,1,13,Huge root,5,18,17,46.8,71.9,1,24.7,73,7.5,39.6,3.7,359,215,KARIYAT-GEN-S20-1,TRUE,774629425303,Isolated,"Baseline expression, low stress markers"
0524-S20-U-P02-COMP,2026-05-24,S20,Coastal_Plains,Undisturbed,2,28.29241,-97.67808,33.9,26.2,150,67,0,7,Huge root,5,7,37,32.0,71.6,2,23.1,68,7.5,39.6,3.7,359,215,KARIYAT-GEN-S20-2,TRUE,774833641979,Isolated,"Baseline expression, low stress markers"
0524-S20-U-P03-COMP,2026-05-24,S20,Coastal_Plains,Undisturbed,3,28.29241,-97.67808,33.9,26.2,150,96,1,14,Huge root,4,1,34,45.2,76.3,1,23.3,47,7.5,39.6,3.7,359,215,KARIYAT-GEN-S20-3,TRUE,774368070628,Water Source,"Baseline expression, low stress markers"
0524-S20-U-P04-COMP,2026-05-24,S20,Coastal_Plains,Undisturbed,4,28.29241,-97.67808,33.9,26.2,150,100,1,15,,1,18,47,37.6,55.9,1,28.8,49,7.5,39.6,3.7,359,215,KARIYAT-GEN-S20-4,TRUE,774838403517,Isolated,"Baseline expression, low stress markers"
0524-S20-U-P05-COMP,2026-05-24,S20,Coastal_Plains,Undisturbed,5,28.29241,-97.67808,33.9,26.2,150,60,1,14,Flowering heavily,3,7,35,29.5,97.3,1,28.3,76,7.5,39.6,3.7,359,215,KARIYAT-GEN-S20-5,TRUE,774856010000,Isolated,"Baseline expression, low stress markers"
0524-S20-U-P06-COMP,2026-05-24,S20,Coastal_Plains,Undisturbed,6,28.29241,-97.67808,33.9,26.2,150,81,2,5,Very thorny,3,8,3,49.7,57.5,1,26.8,65,7.5,39.6,3.7,359,215,KARIYAT-GEN-S20-6,TRUE,774707996494,Isolated,"Baseline expression, low stress markers"
0524-S20-U-P07-COMP,2026-05-24,S20,Coastal_Plains,Undisturbed,7,28.29241,-97.67808,33.9,26.2,150,65,2,12,Flowering heavily,2,20,37,38.7,82.5,1,24.6,48,7.5,39.6,3.7,359,215,KARIYAT-GEN-S20-7,TRUE,774357421947,Isolated,"Baseline expression, low stress markers"
0524-S20-U-P08-COMP,2026-05-24,S20,Coastal_Plains,Undisturbed,8,28.29241,-97.67808,33.9,26.2,150,74,0,5,,3,19,20,41.6,88.7,2,22.5,56,7.5,39.6,3.7,359,215,KARIYAT-GEN-S20-8,TRUE,774666671312,Water Source,"Baseline expression, low stress markers"
0524-S20-U-P09-COMP,2026-05-24,S20,Coastal_Plains,Undisturbed,9,28.29241,-97.67808,33.9,26.2,150,70,0,14,Huge root,0,17,49,40.9,58.2,1,22.6,64,7.5,39.6,3.7,359,215,KARIYAT-GEN-S20-9,TRUE,774170623373,Isolated,"Baseline expression, low stress markers"
0524-S20-U-P10-COMP,2026-05-24,S20,Coastal_Plains,Undisturbed,10,28.29241,-97.67808,33.9,26.2,150,76,1,14,Very thorny,5,1,41,46.8,72.4,2,24.6,40,7.5,39.6,3.7,359,215,KARIYAT-GEN-S20-10,TRUE,774954041103,Isolated,"Baseline expression, low stress markers"
